1,google.com
2,youtube.com
3,baidu.com
4,tmall.com
5,qq.com
6,facebook.com
7,sohu.com
8,taobao.com
9,yahoo.com
10,login.tmall.com
11,wikipedia.org
12,jd.com
13,360.cn
14,amazon.com
15,sina.com.cn
16,weibo.com
17,live.com
18,pages.tmall.com
19,reddit.com
20,okezone.com
21,vk.com
22,csdn.net
23,netflix.com
24,xinhuanet.com
25,office.com
26,alipay.com
27,blogspot.com
28,instagram.com
29,yahoo.co.jp
30,microsoft.com
31,microsoftonline.com
32,naver.com
33,google.com.hk
34,stackoverflow.com
35,zhihu.com
36,livejasmin.com
37,bongacams.com
38,panda.tv
39,force.com
40,twitter.com
41,bing.com
42,twitch.tv
43,google.co.in
44,aliexpress.com
45,bilibili.com
46,myshopify.com
47,tribunnews.com
48,ebay.com
49,linkedin.com
50,zhanqi.tv
51,amazon.in
52,msn.com
53,adobe.com
54,amazon.co.jp
55,mama.cn
56,ok.ru
57,tianya.cn
58,apple.com
59,china.com.cn
60,yandex.ru
61,dropbox.com
62,chaturbate.com
63,whatsapp.com
64,pornhub.com
65,cnn.com
66,wordpress.com
67,163.com
68,aparat.com
69,sogou.com
70,mail.ru
71,google.com.br
72,bbc.com
73,nytimes.com
74,medium.com
75,detik.com
76,imdb.com
77,1688.com
78,google.cn
79,google.co.jp
80,amazonaws.com
81,detail.tmall.com
82,hao123.com
83,17ok.com
84,cnblogs.com
85,yy.com
86,instructure.com
87,huanqiu.com
88,xvideos.com
89,chase.com
90,spotify.com
91,babytree.com
92,amazon.de
93,zoho.com
94,indeed.com
95,grid.id
96,ettoday.net
97,rakuten.co.jp
98,booking.com
99,aliyun.com
100,alibaba.com